{
  "results": {
    "klue_nli": {
      "acc": 0.7053333333333334,
      "acc_stderr": 0.00832481280531216
    },
    "klue_sts": {
      "acc": 0.32947976878612717,
      "acc_stderr": 0.02065168249462071,
      "f1": 0.17142857142857143,
      "f1_stderr": 0.024848111080882758
    },
    "klue_ynat": {
      "acc": 0.7434940155924015,
      "acc_stderr": 0.0045763967294274125,
      "macro_f1": 0.7255414684508643,
      "macro_f1_stderr": 0.005255930681580286
    },
    "kobest_boolq": {
      "acc": 0.8447293447293447,
      "acc_stderr": 0.009668846109586328,
      "macro_f1": 0.8419555720791896,
      "macro_f1_stderr": 0.009815738469367338
    },
    "kobest_copa": {
      "acc": 0.885,
      "acc_stderr": 0.01009340759490464,
      "macro_f1": 0.8849280800500312,
      "macro_f1_stderr": 0.01009936831969458
    },
    "kobest_hellaswag": {
      "acc": 0.528,
      "acc_stderr": 0.022347949832668024,
      "acc_norm": 0.6,
      "acc_norm_stderr": 0.02193084412072858,
      "macro_f1": 0.526749132147138,
      "macro_f1_stderr": 0.02230599176059789
    },
    "kobest_sentineg": {
      "acc": 0.8790931989924433,
      "acc_stderr": 0.016383067946745076,
      "macro_f1": 0.8777897491149762,
      "macro_f1_stderr": 0.016524511435146397
    },
    "kohatespeech": {
      "acc": 0.39278131634819535,
      "acc_stderr": 0.022526776212867812,
      "macro_f1": 0.39065408985475214,
      "macro_f1_stderr": 0.022311642958440514
    },
    "kohatespeech_apeach": {
      "acc": 0.7708222811671087,
      "acc_stderr": 0.006846210642787259,
      "macro_f1": 0.7670459502950115,
      "macro_f1_stderr": 0.006929035048348664
    },
    "kohatespeech_gen_bias": {
      "acc": 0.6284501061571125,
      "acc_stderr": 0.022289228876070318,
      "macro_f1": 0.5317958476525888,
      "macro_f1_stderr": 0.023779095169270296
    },
    "korunsmile": {
      "f1": 0.39666924305338336,
      "f1_stderr": 0.008436085812186337
    },
    "nsmc": {
      "acc": 0.78014,
      "acc_stderr": 0.0018521609589893533
    },
    "pawsx_ko": {
      "acc": 0.5365,
      "acc_stderr": 0.011153298751334435
    }
  },
  "versions": {
    "klue_nli": 0,
    "klue_sts": 0,
    "klue_ynat": 0,
    "kobest_boolq": 0,
    "kobest_copa": 0,
    "kobest_hellaswag": 0,
    "kobest_sentineg": 0,
    "kohatespeech": 0,
    "kohatespeech_apeach": 0,
    "kohatespeech_gen_bias": 0,
    "korunsmile": 0,
    "nsmc": 0,
    "pawsx_ko": 0
  },
  "config": {
    "model": "hf-causal-experimental",
    "model_args": "pretrained=x2bee/POLAR-14B-v0.2,use_accelerate=true,trust_remote_code=true",
    "num_fewshot": 5,
    "batch_size": "4",
    "device": null,
    "no_cache": true,
    "limit": null,
    "bootstrap_iters": 100000,
    "description_dict": {},
    "quantization_module": "bnb",
    "bit_width": "int4"
  }
}