{
  "results": {
    "klue_nli": {
      "acc": 0.36133333333333334,
      "acc_stderr": 0.008772086506968736
    },
    "klue_sts": {
      "acc": 0.5337186897880539,
      "acc_stderr": 0.02191872711578852,
      "f1": 0.45739910313901344,
      "f1_stderr": 0.02929894389346753
    },
    "klue_ynat": {
      "acc": 0.5714285714285714,
      "acc_stderr": 0.005185955191893314,
      "macro_f1": 0.5228237130669198,
      "macro_f1_stderr": 0.005283603209555901
    },
    "kobest_boolq": {
      "acc": 0.7086894586894587,
      "acc_stderr": 0.012130459468719065,
      "macro_f1": 0.705635783258585,
      "macro_f1_stderr": 0.012207266245600642
    },
    "kobest_copa": {
      "acc": 0.77,
      "acc_stderr": 0.01331455133593594,
      "macro_f1": 0.7696314102564102,
      "macro_f1_stderr": 0.013298471288316276
    },
    "kobest_hellaswag": {
      "acc": 0.5,
      "acc_stderr": 0.022383074051792257,
      "acc_norm": 0.57,
      "acc_norm_stderr": 0.022162634426652866,
      "macro_f1": 0.4966525201414824,
      "macro_f1_stderr": 0.02244853175152175
    },
    "kobest_sentineg": {
      "acc": 0.5365239294710328,
      "acc_stderr": 0.025058819823556774,
      "macro_f1": 0.4043705153294194,
      "macro_f1_stderr": 0.0206327647150347
    },
    "kohatespeech": {
      "acc": 0.4267515923566879,
      "acc_stderr": 0.02281445374158802,
      "macro_f1": 0.3492846924177397,
      "macro_f1_stderr": 0.01725767690429662
    },
    "kohatespeech_apeach": {
      "acc": 0.5098143236074271,
      "acc_stderr": 0.008142790404217842,
      "macro_f1": 0.3376669009135629,
      "macro_f1_stderr": 0.0035712112150844237
    },
    "kohatespeech_gen_bias": {
      "acc": 0.14225053078556263,
      "acc_stderr": 0.016112326276355036,
      "macro_f1": 0.12453531598513011,
      "macro_f1_stderr": 0.01239007174718049
    },
    "korunsmile": {
      "f1": 0.38270293160874314,
      "f1_stderr": 0.00783239230393094
    },
    "nsmc": {
      "acc": 0.55134,
      "acc_stderr": 0.0022242713493772995
    },
    "pawsx_ko": {
      "acc": 0.513,
      "acc_stderr": 0.011179355482070387
    }
  },
  "versions": {
    "klue_nli": 0,
    "klue_sts": 0,
    "klue_ynat": 0,
    "kobest_boolq": 0,
    "kobest_copa": 0,
    "kobest_hellaswag": 0,
    "kobest_sentineg": 0,
    "kohatespeech": 0,
    "kohatespeech_apeach": 0,
    "kohatespeech_gen_bias": 0,
    "korunsmile": 0,
    "nsmc": 0,
    "pawsx_ko": 0
  },
  "config": {
    "model": "hf-causal-experimental",
    "model_args": "pretrained=beomi/Yi-Ko-6B,use_accelerate=true,trust_remote_code=true",
    "num_fewshot": 0,
    "batch_size": "8",
    "device": null,
    "no_cache": true,
    "limit": null,
    "bootstrap_iters": 100000,
    "description_dict": {}
  }
}