{
  "results": {
    "klue_nli": {
      "acc": 0.38166666666666665,
      "acc_stderr": 0.008870849530787631
    },
    "klue_sts": {
      "acc": 0.4624277456647399,
      "acc_stderr": 0.021906625542792744,
      "f1": 0.4025695931477516,
      "f1_stderr": 0.028674757123004716
    },
    "klue_ynat": {
      "acc": 0.6106291863401779,
      "acc_stderr": 0.005109832375138228,
      "macro_f1": 0.6016139343655091,
      "macro_f1_stderr": 0.005811191089985088
    },
    "kobest_boolq": {
      "acc": 0.7948717948717948,
      "acc_stderr": 0.010780338501657688,
      "macro_f1": 0.7938258712961754,
      "macro_f1_stderr": 0.01084855710378604
    },
    "kobest_copa": {
      "acc": 0.811,
      "acc_stderr": 0.012386784588117709,
      "macro_f1": 0.8108999660820575,
      "macro_f1_stderr": 0.012396963202499172
    },
    "kobest_hellaswag": {
      "acc": 0.5,
      "acc_stderr": 0.022383074051792257,
      "acc_norm": 0.584,
      "acc_norm_stderr": 0.02206494331392886,
      "macro_f1": 0.49625173015824503,
      "macro_f1_stderr": 0.022363798095452768
    },
    "kobest_sentineg": {
      "acc": 0.9697732997481109,
      "acc_stderr": 0.008603653036070191,
      "macro_f1": 0.9697715736040609,
      "macro_f1_stderr": 0.008612202725911495
    },
    "kohatespeech": {
      "acc": 0.3651804670912951,
      "acc_stderr": 0.022209049983335574,
      "macro_f1": 0.3583423313444348,
      "macro_f1_stderr": 0.0225812105602135
    },
    "kohatespeech_apeach": {
      "acc": 0.556498673740053,
      "acc_stderr": 0.00809219723601408,
      "macro_f1": 0.5083311883311883,
      "macro_f1_stderr": 0.008150342935031843
    },
    "kohatespeech_gen_bias": {
      "acc": 0.8492569002123143,
      "acc_stderr": 0.016504004520765794,
      "macro_f1": 0.47284707662720493,
      "macro_f1_stderr": 0.014676617038192445
    },
    "korunsmile": {
      "f1": 0.35036414082300427,
      "f1_stderr": 0.007708883030825427
    },
    "nsmc": {
      "acc": 0.87976,
      "acc_stderr": 0.0014545408766285105
    },
    "pawsx_ko": {
      "acc": 0.547,
      "acc_stderr": 0.01113361930098967
    }
  },
  "versions": {
    "klue_nli": 0,
    "klue_sts": 0,
    "klue_ynat": 0,
    "kobest_boolq": 0,
    "kobest_copa": 0,
    "kobest_hellaswag": 0,
    "kobest_sentineg": 0,
    "kohatespeech": 0,
    "kohatespeech_apeach": 0,
    "kohatespeech_gen_bias": 0,
    "korunsmile": 0,
    "nsmc": 0,
    "pawsx_ko": 0
  },
  "config": {
    "model": "hf-causal-experimental",
    "model_args": "pretrained=beomi/Yi-Ko-6B,use_accelerate=true,trust_remote_code=true",
    "num_fewshot": 5,
    "batch_size": "4",
    "device": null,
    "no_cache": true,
    "limit": null,
    "bootstrap_iters": 100000,
    "description_dict": {}
  }
}